ProductID,Unitprice,Qty,Discount,CustID,EmpID,ShipVia,Freight,ShipCity,Country,Stock
19,7.3,1,0,ROMEY,4,1,2.94,Madrid,Spain,25
24,3.6,6,0,ROMEY,4,1,2.94,Madrid,Spain,20
35,14.4,4,0,ROMEY,4,1,2.94,Madrid,Spain,20
30,20.7,6,0,ROMEY,4,1,12.69,Madrid,Spain,10
57,15.6,2,0,ROMEY,4,1,12.69,Madrid,Spain,36
40,14.7,40,0.1,GODOS,7,2,107.83,Sevilla,Spain,123
65,16.8,30,0.1,GODOS,7,2,107.83,Sevilla,Spain,76
68,10,15,0.1,GODOS,7,2,107.83,Sevilla,Spain,6
30,20.7,10,0,ROMEY,1,3,7.56,Madrid,Spain,10
53,26.2,10,0,ROMEY,1,3,7.56,Madrid,Spain,0
54,5.9,5,0,ROMEY,1,3,7.56,Madrid,Spain,21
4,17.6,24,0,BOLID,4,2,77.92,Madrid,Spain,53
57,15.6,16,0,BOLID,4,2,77.92,Madrid,Spain,36
75,6.2,50,0,BOLID,4,2,77.92,Madrid,Spain,125
65,16.8,5,0,GALED,8,2,10.14,Barcelona,Spain,76
77,10.4,5,0,GALED,8,2,10.14,Barcelona,Spain,32
56,30.4,5,0,GALED,4,1,18.69,Barcelona,Spain,21
64,26.6,7,0,GALED,4,1,18.69,Barcelona,Spain,22
17,39,8,0.1,GODOS,7,3,4.32,Sevilla,Spain,0
19,9.2,10,0,GODOS,7,3,4.32,Sevilla,Spain,25
21,10,6,0.1,GODOS,7,3,4.32,Sevilla,Spain,3
61,28.5,10,0.1,GODOS,7,3,4.32,Sevilla,Spain,113
10,31,5,0,GALED,3,3,6.54,Barcelona,Spain,31
29,123.79,20,0,GODOS,4,3,85.46,Sevilla,Spain,0
64,33.25,9,0,GODOS,4,3,85.46,Sevilla,Spain,22
17,39,40,0.25,BOLID,4,2,97.09,Madrid,Spain,0
29,123.79,20,0.25,BOLID,4,2,97.09,Madrid,Spain,0
55,24,10,0.05,GODOS,5,2,175.32,Sevilla,Spain,115
62,49.3,20,0.05,GODOS,5,2,175.32,Sevilla,Spain,17
64,33.25,15,0.05,GODOS,5,2,175.32,Sevilla,Spain,22
65,21.05,21,0.05,GODOS,5,2,175.32,Sevilla,Spain,76
10,31,10,0,GODOS,5,2,19.58,Sevilla,Spain,31
25,14,5,0,GALED,8,3,1.25,Barcelona,Spain,76
2,19,20,0,GODOS,1,2,51.87,Sevilla,Spain,17
68,12.5,18,0,GODOS,1,2,51.87,Sevilla,Spain,6
1,18,10,0,GODOS,3,1,38.19,Sevilla,Spain,39
17,39,12,0,GODOS,3,1,38.19,Sevilla,Spain,0
67,14,15,0,GODOS,3,1,38.19,Sevilla,Spain,52
30,25.89,1,0,ROMEY,4,2,8.29,Madrid,Spain,10
60,34,10,0,ROMEY,4,2,8.29,Madrid,Spain,19
47,9.5,5,0,GALED,1,1,1.36,Barcelona,Spain,36
76,18,5,0,GALED,1,1,1.36,Barcelona,Spain,57
50,16.25,9,0,GODOS,3,3,23.39,Sevilla,Spain,65
51,53,40,0,GODOS,3,3,23.39,Sevilla,Spain,20
55,24,4,0,GODOS,3,3,23.39,Sevilla,Spain,115
52,7,40,0.2,BOLID,9,1,16.16,Madrid,Spain,38
24,4.5,12,0,GODOS,2,1,59.11,Sevilla,Spain,20
36,19,18,0.25,GODOS,2,1,59.11,Sevilla,Spain,112
60,34,9,0,GODOS,2,1,59.11,Sevilla,Spain,19
23,9,10,0,ROMEY,2,1,32.99,Madrid,Spain,61
42,14,4,0,ROMEY,2,1,32.99,Madrid,Spain,26
45,9.5,20,0,ROMEY,2,1,32.99,Madrid,Spain,5
68,12.5,2,0,ROMEY,2,1,32.99,Madrid,Spain,6
70,15,4,0,GODOS,7,1,3.2,Sevilla,Spain,15
2,15.2,35,0,FOLKO,6,3,3.67,Bräcke,Sweden,17
41,7.7,25,0.15,FOLKO,6,3,3.67,Bräcke,Sweden,85
44,15.5,16,0,BERGS,8,2,92.69,Luleå,Sweden,27
59,44,15,0,BERGS,8,2,92.69,Luleå,Sweden,79
63,35.1,8,0,BERGS,8,2,92.69,Luleå,Sweden,24
73,12,25,0,BERGS,8,2,92.69,Luleå,Sweden,101
24,3.6,12,0,BERGS,2,1,8.98,Luleå,Sweden,20
55,19.2,20,0,BERGS,2,1,8.98,Luleå,Sweden,115
75,6.2,30,0,BERGS,2,1,8.98,Luleå,Sweden,125
2,15.2,25,0.2,FOLKO,2,1,63.36,Bräcke,Sweden,17
11,16.8,50,0.2,FOLKO,2,1,63.36,Bräcke,Sweden,22
30,20.7,35,0.2,FOLKO,2,1,63.36,Bräcke,Sweden,10
58,10.6,30,0.2,FOLKO,2,1,63.36,Bräcke,Sweden,62
71,17.2,6,0,FOLKO,5,3,5.44,Bräcke,Sweden,26
20,64.8,28,0,BERGS,3,3,168.64,Luleå,Sweden,40
60,27.2,15,0,BERGS,3,3,168.64,Luleå,Sweden,19
11,16.8,6,0,FOLKO,3,2,17.92,Bräcke,Sweden,22
76,14.4,18,0.15,FOLKO,3,2,17.92,Bräcke,Sweden,57
17,31.2,10,0,BERGS,3,3,3.5,Luleå,Sweden,0
26,24.9,15,0,BERGS,3,3,3.5,Luleå,Sweden,15
35,14.4,8,0,BERGS,3,3,3.5,Luleå,Sweden,20
41,7.7,30,0,BERGS,3,3,3.5,Luleå,Sweden,85
39,14.4,6,0,BERGS,3,1,9.3,Luleå,Sweden,69
54,5.9,15,0,BERGS,3,1,9.3,Luleå,Sweden,21
68,10,21,0.25,FOLKO,8,1,16.27,Bräcke,Sweden,6
75,6.2,4,0.25,FOLKO,8,1,16.27,Bräcke,Sweden,125
10,31,2,0,BERGS,1,2,244.79,Luleå,Sweden,31
30,25.89,10,0,BERGS,1,2,244.79,Luleå,Sweden,10
43,46,60,0,BERGS,1,2,244.79,Luleå,Sweden,17
54,7.45,15,0,BERGS,1,2,244.79,Luleå,Sweden,21
4,22,50,0.05,FOLKO,8,1,188.04,Bräcke,Sweden,53
72,34.8,24,0,FOLKO,8,1,188.04,Bräcke,Sweden,14
73,15,24,0.05,FOLKO,8,1,188.04,Bräcke,Sweden,101
44,19.45,10,0,FOLKO,2,2,242.21,Bräcke,Sweden,27
51,53,50,0,FOLKO,2,2,242.21,Bräcke,Sweden,20
16,17.45,12,0.1,BERGS,3,2,116.43,Luleå,Sweden,29
32,32,10,0.1,BERGS,3,2,116.43,Luleå,Sweden,9
40,18.4,50,0,BERGS,3,2,116.43,Luleå,Sweden,123
75,7.75,15,0.1,BERGS,3,2,116.43,Luleå,Sweden,125
53,32.8,12,0,BERGS,1,2,138.69,Luleå,Sweden,0
60,34,20,0,BERGS,1,2,138.69,Luleå,Sweden,19
71,21.5,20,0,BERGS,1,2,138.69,Luleå,Sweden,26
4,22,12,0.1,BERGS,5,1,55.26,Luleå,Sweden,53
39,18,20,0.1,BERGS,5,1,55.26,Luleå,Sweden,69
54,7.45,6,0.1,BERGS,5,1,55.26,Luleå,Sweden,21
38,263.5,15,0.1,BERGS,9,2,95.75,Luleå,Sweden,17
71,21.5,12,0,BERGS,9,2,95.75,Luleå,Sweden,26
1,18,35,0.25,BERGS,1,2,13.42,Luleå,Sweden,39
2,19,5,0,FOLKO,6,2,152.3,Bräcke,Sweden,17
59,55,35,0,FOLKO,6,2,152.3,Bräcke,Sweden,79
73,15,35,0,FOLKO,6,2,152.3,Bräcke,Sweden,101
14,23.25,16,0,BERGS,1,3,110.11,Luleå,Sweden,35
28,45.6,20,0,BERGS,1,3,110.11,Luleå,Sweden,26
52,7,25,0,BERGS,1,3,110.11,Luleå,Sweden,38
39,18,16,0,FOLKO,3,1,328.74,Bräcke,Sweden,69
47,9.5,30,0,FOLKO,3,1,328.74,Bräcke,Sweden,36
51,53,28,0,FOLKO,3,1,328.74,Bräcke,Sweden,20
56,38,60,0,FOLKO,3,1,328.74,Bräcke,Sweden,21
31,12.5,2,0.25,FOLKO,4,1,48.2,Bräcke,Sweden,0
66,17,50,0,FOLKO,4,1,48.2,Bräcke,Sweden,4
41,9.65,10,0,BERGS,3,1,6.79,Luleå,Sweden,85
41,9.65,12,0,FOLKO,8,1,1.23,Bräcke,Sweden,85
70,15,9,0,FOLKO,8,1,1.23,Bräcke,Sweden,15
13,6,6,0,BERGS,9,3,13.32,Luleå,Sweden,24
40,18.4,25,0,BERGS,9,3,13.32,Luleå,Sweden,123
47,9.5,40,0.25,BERGS,9,3,13.32,Luleå,Sweden,36
76,18,21,0.25,BERGS,9,3,13.32,Luleå,Sweden,57
3,10,30,0,BERGS,8,2,188.85,Luleå,Sweden,13
26,31.23,35,0.25,BERGS,8,2,188.85,Luleå,Sweden,15
29,123.79,10,0.25,BERGS,8,2,188.85,Luleå,Sweden,0
2,19,21,0.25,BERGS,5,1,109.11,Luleå,Sweden,17
24,4.5,6,0.25,BERGS,5,1,109.11,Luleå,Sweden,20
30,25.89,40,0.25,BERGS,5,1,109.11,Luleå,Sweden,10
19,9.2,25,0,BERGS,4,2,32.37,Luleå,Sweden,25
47,9.5,21,0.1,BERGS,4,2,32.37,Luleå,Sweden,36
49,20,15,0,BERGS,4,2,32.37,Luleå,Sweden,10
23,9,30,0.2,FOLKO,7,1,88.01,Bräcke,Sweden,61
61,28.5,30,0.2,FOLKO,7,1,88.01,Bräcke,Sweden,113
70,15,50,0.2,FOLKO,7,1,88.01,Bräcke,Sweden,15
55,24,30,0.15,FOLKO,1,1,44.15,Bräcke,Sweden,115
62,49.3,6,0.15,FOLKO,1,1,44.15,Bräcke,Sweden,17
10,31,20,0.1,BERGS,3,2,151.52,Luleå,Sweden,31
28,45.6,30,0.1,BERGS,3,2,151.52,Luleå,Sweden,26
75,7.75,6,0,BERGS,3,2,151.52,Luleå,Sweden,125
75,7.75,12,0.2,FOLKO,8,2,3.26,Bräcke,Sweden,125
39,18,30,0,FOLKO,8,3,208.5,Bräcke,Sweden,69
47,9.5,30,0,FOLKO,8,3,208.5,Bräcke,Sweden,36
51,53,10,0,FOLKO,8,3,208.5,Bräcke,Sweden,20
63,43.9,20,0,FOLKO,8,3,208.5,Bräcke,Sweden,24
75,7.75,40,0.2,FOLKO,4,1,1.26,Bräcke,Sweden,125
29,123.79,50,0.25,FOLKO,7,3,8.81,Bräcke,Sweden,0
41,9.65,35,0.25,FOLKO,7,3,8.81,Bräcke,Sweden,85
7,30,60,0,FOLKO,2,2,197.3,Bräcke,Sweden,15
22,21,25,0,FOLKO,2,2,197.3,Bräcke,Sweden,104
46,12,25,0,FOLKO,2,2,197.3,Bräcke,Sweden,95
55,24,6,0,FOLKO,2,2,197.3,Bräcke,Sweden,115
76,18,50,0.1,FOLKO,8,2,59.41,Bräcke,Sweden,57
24,3.6,15,0.15,CHOPS,5,2,22.98,Bern,Switzerland,20
55,19.2,21,0.15,CHOPS,5,2,22.98,Bern,Switzerland,115
74,8,21,0,CHOPS,5,2,22.98,Bern,Switzerland,4
2,15.2,20,0,RICSU,9,3,148.33,Genève,Switzerland,17
16,13.9,35,0,RICSU,9,3,148.33,Genève,Switzerland,29
36,15.2,25,0,RICSU,9,3,148.33,Genève,Switzerland,112
59,44,30,0,RICSU,9,3,148.33,Genève,Switzerland,79
1,14.4,15,0.15,CHOPS,6,2,1.17,Bern,Switzerland,39
64,26.6,30,0,CHOPS,6,2,1.17,Bern,Switzerland,22
74,8,20,0.15,CHOPS,6,2,1.17,Bern,Switzerland,4
60,27.2,60,0.05,RICSU,4,2,137.35,Genève,Switzerland,19
69,28.8,20,0.05,RICSU,4,2,137.35,Genève,Switzerland,26
10,31,16,0.05,CHOPS,6,3,91.76,Bern,Switzerland,31
56,38,40,0,CHOPS,6,3,91.76,Bern,Switzerland,21
60,34,10,0.05,CHOPS,6,3,91.76,Bern,Switzerland,19
31,12.5,30,0,RICSU,1,1,78.85,Genève,Switzerland,0
51,53,6,0,RICSU,1,1,78.85,Genève,Switzerland,20
58,13.25,20,0,RICSU,1,1,78.85,Genève,Switzerland,62
72,34.8,21,0,RICSU,1,1,78.85,Genève,Switzerland,14
73,15,9,0,RICSU,1,1,78.85,Genève,Switzerland,101
29,123.79,36,0,RICSU,7,2,232.42,Genève,Switzerland,0
65,21.05,10,0,RICSU,7,2,232.42,Genève,Switzerland,76
21,10,40,0.05,CHOPS,7,1,96.65,Bern,Switzerland,3
51,53,30,0.05,CHOPS,7,1,96.65,Bern,Switzerland,20
13,6,6,0,CHOPS,1,3,31.43,Bern,Switzerland,24
42,14,28,0,CHOPS,1,3,31.43,Bern,Switzerland,26
62,49.3,9,0,CHOPS,1,3,31.43,Bern,Switzerland,17
69,36,40,0,CHOPS,1,3,31.43,Bern,Switzerland,26
26,31.23,12,0.1,RICSU,3,3,130.79,Genève,Switzerland,15
30,25.89,30,0,RICSU,3,3,130.79,Genève,Switzerland,10
50,16.25,20,0.1,RICSU,3,3,130.79,Genève,Switzerland,65
73,15,15,0,RICSU,3,3,130.79,Genève,Switzerland,101
26,31.23,20,0,RICSU,3,3,138.17,Genève,Switzerland,15
52,7,60,0,RICSU,3,3,138.17,Genève,Switzerland,38
70,15,40,0,RICSU,3,3,138.17,Genève,Switzerland,15
13,6,42,0.15,RICSU,4,2,13.6,Genève,Switzerland,24
57,19.5,30,0,RICSU,4,2,13.6,Genève,Switzerland,36
33,2.5,15,0.05,RICSU,9,2,30.85,Genève,Switzerland,112
41,9.65,6,0.05,RICSU,9,2,30.85,Genève,Switzerland,85
75,7.75,50,0.05,RICSU,9,2,30.85,Genève,Switzerland,125
37,26,8,0,CHOPS,4,1,27.19,Bern,Switzerland,11
56,38,12,0.15,CHOPS,4,1,27.19,Bern,Switzerland,21
62,49.3,12,0.15,CHOPS,4,1,27.19,Bern,Switzerland,17
56,38,20,0,CHOPS,4,1,47.84,Bern,Switzerland,21
63,43.9,12,0,CHOPS,4,1,47.84,Bern,Switzerland,24
53,32.8,70,0.1,RICSU,7,3,84.74,Genève,Switzerland,0
69,36,36,0.1,RICSU,7,3,84.74,Genève,Switzerland,26
2,19,30,0.2,CHOPS,3,2,48.22,Bern,Switzerland,17
63,43.9,30,0,CHOPS,3,2,48.22,Bern,Switzerland,24
2,19,10,0.15,RICSU,8,2,6.19,Genève,Switzerland,17
46,12,30,0.15,RICSU,8,2,6.19,Genève,Switzerland,95
76,18,2,0.15,RICSU,8,2,6.19,Genève,Switzerland,57
3,8,30,0,BSBEV,7,3,22.77,London,UK,13
64,26.6,9,0,BSBEV,7,3,22.77,London,UK,22
34,11.2,14,0,ISLAT,4,2,41.76,Cowes,UK,111
70,12,30,0,ISLAT,4,2,41.76,Cowes,UK,15
41,7.7,20,0,ISLAT,8,2,4.73,Cowes,UK,85
76,14.4,6,0,ISLAT,8,2,4.73,Cowes,UK,57
35,14.4,10,0,ISLAT,3,2,3.43,Cowes,UK,20
24,3.6,25,0,AROUT,6,1,41.95,Colchester,UK,20
57,15.6,25,0,AROUT,6,1,41.95,Colchester,UK,36
16,13.9,56,0.05,SEVES,5,3,288.43,London,UK,29
31,10,70,0.05,SEVES,5,3,288.43,London,UK,0
60,27.2,80,0.05,SEVES,5,3,288.43,London,UK,19
69,28.8,30,0,EASTC,1,1,71.97,London,UK,26
71,17.2,5,0,EASTC,1,1,71.97,London,UK,26
28,36.4,20,0.15,SEVES,1,3,22.21,London,UK,26
39,14.4,20,0.15,SEVES,1,3,22.21,London,UK,69
13,4.8,20,0,AROUT,8,3,34.24,Colchester,UK,24
50,13,15,0,AROUT,8,3,34.24,Colchester,UK,65
56,30.4,20,0,AROUT,8,3,34.24,Colchester,UK,21
45,7.6,15,0.2,SEVES,2,1,34.86,London,UK,5
52,5.6,20,0.2,SEVES,2,1,34.86,London,UK,38
53,26.2,40,0,SEVES,2,1,34.86,London,UK,0
29,99,21,0,EASTC,1,3,83.93,London,UK,0
35,14.4,35,0,EASTC,1,3,83.93,London,UK,20
49,16,30,0,EASTC,1,3,83.93,London,UK,10
2,15.2,10,0,CONSH,8,2,9.21,London,UK,17
22,16.8,12,0,CONSH,8,2,9.21,London,UK,104
72,27.8,10,0,CONSH,8,2,9.21,London,UK,14
48,10.2,15,0.1,AROUT,1,2,25.36,Colchester,UK,15
70,12,25,0.1,AROUT,1,2,25.36,Colchester,UK,15
13,4.8,1,0,CONSH,2,1,6.17,London,UK,24
23,7.2,21,0,CONSH,2,1,6.17,London,UK,61
7,24,30,0,BSBEV,2,3,45.59,London,UK,15
56,30.4,20,0,BSBEV,2,3,45.59,London,UK,21
24,3.6,80,0.05,SEVES,8,1,4.2,London,UK,20
51,42.4,18,0,SEVES,8,1,4.2,London,UK,20
33,2,12,0,ISLAT,1,3,16.37,Cowes,UK,112
71,17.2,12,0,ISLAT,1,3,16.37,Cowes,UK,26
21,8,14,0,BSBEV,3,3,6.88,London,UK,3
40,14.7,10,0,BSBEV,3,3,6.88,London,UK,123
51,42.4,3,0,BSBEV,3,3,6.88,London,UK,20
52,7,6,0,NORTS,3,3,32.07,London,UK,38
59,55,4,0,NORTS,3,3,32.07,London,UK,79
70,15,6,0,NORTS,3,3,32.07,London,UK,15
17,39,25,0.1,SEVES,7,2,77.63,London,UK,0
20,81,15,0.1,SEVES,7,2,77.63,London,UK,40
37,26,18,0.1,SEVES,7,2,77.63,London,UK,11
41,9.65,6,0.1,SEVES,7,2,77.63,London,UK,85
30,25.89,15,0,EASTC,7,3,74.46,London,UK,10
66,17,24,0,EASTC,7,3,74.46,London,UK,4
70,15,7,0,BSBEV,9,3,4.87,London,UK,15
72,34.8,1,0,BSBEV,9,3,4.87,London,UK,14
13,6,8,0,BSBEV,6,3,12.36,London,UK,24
21,10,15,0,BSBEV,6,3,12.36,London,UK,3
33,2.5,15,0,BSBEV,6,3,12.36,London,UK,112
49,20,6,0,BSBEV,6,3,12.36,London,UK,10
32,32,24,0.15,SEVES,3,2,178.43,London,UK,9
36,19,60,0,SEVES,3,2,178.43,London,UK,112
47,9.5,25,0,AROUT,1,2,72.97,Colchester,UK,36
51,53,20,0,AROUT,1,2,72.97,Colchester,UK,20
52,7,30,0,AROUT,1,2,72.97,Colchester,UK,38
53,32.8,18,0,AROUT,1,2,72.97,Colchester,UK,0
73,15,3,0,AROUT,1,2,72.97,Colchester,UK,101
35,18,20,0,BSBEV,4,3,29.6,London,UK,20
57,19.5,6,0,BSBEV,4,3,29.6,London,UK,36
62,49.3,10,0,BSBEV,6,3,29.98,London,UK,17
19,9.2,5,0,ISLAT,4,2,23.73,Cowes,UK,25
23,9,10,0,ISLAT,4,2,23.73,Cowes,UK,61
70,15,20,0,ISLAT,4,2,23.73,Cowes,UK,15
71,21.5,15,0,ISLAT,4,2,23.73,Cowes,UK,26
23,9,5,0,ISLAT,4,2,0.9,Cowes,UK,61
55,24,21,0,AROUT,4,3,21.74,Colchester,UK,115
57,19.5,40,0,AROUT,4,3,21.74,Colchester,UK,36
70,15,28,0.15,AROUT,4,3,21.74,Colchester,UK,15
4,22,25,0,EASTC,4,1,16.56,London,UK,53
11,21,5,0,EASTC,4,1,16.56,London,UK,22
2,19,15,0.2,AROUT,4,3,10.96,Colchester,UK,17
46,12,28,0.05,AROUT,1,2,23.72,Colchester,UK,95
56,38,15,0,ISLAT,4,2,61.53,Cowes,UK,21
59,55,6,0,ISLAT,4,2,61.53,Cowes,UK,79
76,18,10,0,ISLAT,4,2,61.53,Cowes,UK,57
1,18,8,0,NORTS,2,3,1.39,London,UK,39
69,36,3,0,NORTS,2,3,1.39,London,UK,26
22,21,4,0,AROUT,3,2,146.32,Colchester,UK,104
31,12.5,50,0,AROUT,3,2,146.32,Colchester,UK,0
60,34,15,0,AROUT,3,2,146.32,Colchester,UK,19
71,21.5,12,0,AROUT,3,2,146.32,Colchester,UK,26
41,9.65,14,0,AROUT,3,3,4.52,Colchester,UK,85
52,7,8,0,AROUT,3,3,4.52,Colchester,UK,38
62,49.3,2,0,ISLAT,2,1,2.33,Cowes,UK,17
72,34.8,10,0,ISLAT,2,1,2.33,Cowes,UK,14
11,21,50,0.1,SEVES,1,3,137.44,London,UK,22
51,53,10,0.1,SEVES,1,3,137.44,London,UK,20
54,7.45,7,0.1,SEVES,1,3,137.44,London,UK,21
10,31,36,0,SEVES,6,2,27.33,London,UK,31
28,45.6,24,0,SEVES,6,2,27.33,London,UK,26
49,20,4,0.15,SEVES,6,2,27.33,London,UK,10
2,19,10,0,ISLAT,9,1,154.72,Cowes,UK,17
8,40,20,0,ISLAT,9,1,154.72,Cowes,UK,6
13,6,10,0,ISLAT,9,1,154.72,Cowes,UK,24
60,34,21,0,ISLAT,9,1,154.72,Cowes,UK,19
5,21.35,30,0,CONSH,7,2,38.24,London,UK,0
9,97,3,0,CONSH,7,2,38.24,London,UK,29
35,18,4,0,AROUT,4,2,3.04,Colchester,UK,20
67,14,15,0,AROUT,4,2,3.04,Colchester,UK,52
1,18,40,0,SEVES,5,1,143.28,London,UK,39
11,21,10,0,SEVES,5,1,143.28,London,UK,22
23,9,50,0,SEVES,5,1,143.28,London,UK,61
68,12.5,20,0,SEVES,5,1,143.28,London,UK,6
50,16.25,24,0,AROUT,4,2,29.61,Colchester,UK,65
53,32.8,2,0,ISLAT,6,3,54.15,Cowes,UK,0
61,28.5,30,0,ISLAT,6,3,54.15,Cowes,UK,113
13,6,15,0,BSBEV,4,2,2.17,London,UK,24
22,21,21,0,BSBEV,4,2,2.17,London,UK,104
46,12,15,0,BSBEV,4,2,2.17,London,UK,95
59,55,4,0,BSBEV,3,2,3.26,London,UK,79
20,81,50,0.05,AROUT,9,2,23.72,Colchester,UK,40
31,12.5,50,0.05,AROUT,9,2,23.72,Colchester,UK,0
7,30,60,0,EASTC,8,1,185.48,London,UK,15
43,46,6,0,EASTC,8,1,185.48,London,UK,17
72,34.8,20,0,EASTC,8,1,185.48,London,UK,14
31,12.5,15,0,AROUT,9,2,33.8,Colchester,UK,0
36,19,16,0,AROUT,9,2,33.8,Colchester,UK,112
7,30,4,0,BSBEV,1,2,123.83,London,UK,15
43,46,30,0,BSBEV,1,2,123.83,London,UK,17
26,31.23,12,0,EASTC,4,1,74.36,London,UK,15
33,2.5,30,0,EASTC,4,1,74.36,London,UK,112
65,21.05,21,0,EASTC,4,1,74.36,London,UK,76
71,21.5,50,0,EASTC,4,1,74.36,London,UK,26
1,18,25,0.25,EASTC,7,3,46.62,London,UK,39
5,21.35,30,0.25,EASTC,7,3,46.62,London,UK,0
7,30,40,0,EASTC,8,2,278.96,London,UK,15
55,24,35,0,EASTC,8,2,278.96,London,UK,115
60,34,50,0,EASTC,8,2,278.96,London,UK,19
70,15,3,0,NORTS,3,3,4.13,London,UK,15
5,17,12,0.2,RATTC,8,3,48.29,Albuquerque,USA,0
7,24,15,0,RATTC,8,3,48.29,Albuquerque,USA,15
56,30.4,2,0,RATTC,8,3,48.29,Albuquerque,USA,21
33,2,60,0.05,WHITC,5,1,4.56,Seattle,USA,112
72,27.8,20,0.05,WHITC,5,1,4.56,Seattle,USA,14
33,2,24,0,SPLIR,6,2,4.54,Lander,USA,112
20,64.8,6,0,RATTC,6,2,98.03,Albuquerque,USA,40
31,10,40,0,RATTC,6,2,98.03,Albuquerque,USA,0
72,27.8,24,0,RATTC,6,2,98.03,Albuquerque,USA,14
1,14.4,18,0,RATTC,4,2,147.26,Albuquerque,USA,39
17,31.2,15,0,RATTC,4,2,147.26,Albuquerque,USA,0
43,36.8,15,0,RATTC,4,2,147.26,Albuquerque,USA,17
60,27.2,21,0,RATTC,4,2,147.26,Albuquerque,USA,19
75,6.2,6,0,RATTC,4,2,147.26,Albuquerque,USA,125
18,50,25,0.1,OLDWO,8,3,257.62,Anchorage,USA,42
29,99,25,0.1,OLDWO,8,3,257.62,Anchorage,USA,0
39,14.4,30,0.1,OLDWO,8,3,257.62,Anchorage,USA,69
62,39.4,10,0,LONEP,2,2,0.56,Portland,USA,17
68,10,3,0,LONEP,2,2,0.56,Portland,USA,6
16,13.9,10,0,THEBI,8,2,17.52,Portland,USA,29
62,39.4,5,0,THEBI,8,2,17.52,Portland,USA,17
32,25.6,40,0.1,RATTC,1,2,74.16,Albuquerque,USA,9
58,10.6,30,0.1,RATTC,1,2,74.16,Albuquerque,USA,62
62,39.4,25,0.1,RATTC,1,2,74.16,Albuquerque,USA,17
41,7.7,10,0,RATTC,1,3,150.15,Albuquerque,USA,85
62,39.4,70,0,RATTC,1,3,150.15,Albuquerque,USA,17
1,14.4,20,0,LONEP,6,1,12.69,Portland,USA,39
16,13.9,21,0.15,SAVEA,9,1,214.27,Boise,USA,29
35,14.4,70,0.15,SAVEA,9,1,214.27,Boise,USA,20
46,9.6,30,0,SAVEA,9,1,214.27,Boise,USA,95
59,44,40,0.15,SAVEA,9,1,214.27,Boise,USA,79
63,35.1,80,0.15,SAVEA,9,1,214.27,Boise,USA,24
19,7.3,10,0.05,SPLIR,4,2,191.67,Lander,USA,25
30,20.7,8,0.05,SPLIR,4,2,191.67,Lander,USA,10
38,210.8,20,0.05,SPLIR,4,2,191.67,Lander,USA,17
56,30.4,12,0.05,SPLIR,4,2,191.67,Lander,USA,21
17,31.2,20,0,OLDWO,4,3,84.21,Anchorage,USA,0
30,20.7,15,0,OLDWO,4,3,84.21,Anchorage,USA,10
4,17.6,35,0,WHITC,4,2,23.29,Seattle,USA,53
8,32,70,0.25,WHITC,4,2,23.29,Seattle,USA,6
17,31.2,36,0.1,RATTC,3,3,142.08,Albuquerque,USA,0
56,30.4,20,0,RATTC,3,3,142.08,Albuquerque,USA,21
54,5.9,24,0,SPLIR,7,1,8.63,Lander,USA,21
29,99,20,0,SPLIR,8,2,195.68,Lander,USA,0
56,30.4,18,0.25,SPLIR,8,2,195.68,Lander,USA,21
14,18.6,15,0,HUNGC,3,2,20.12,Elgin,USA,35
54,5.9,10,0,HUNGC,3,2,20.12,Elgin,USA,21
7,24,10,0.2,SPLIR,1,2,30.96,Lander,USA,15
60,27.2,20,0.2,SPLIR,1,2,30.96,Lander,USA,19
68,10,8,0.2,SPLIR,1,2,30.96,Lander,USA,6
2,15.2,25,0.25,SAVEA,1,3,126.56,Boise,USA,17
14,18.6,42,0.25,SAVEA,1,3,126.56,Boise,USA,35
25,11.2,7,0.25,SAVEA,1,3,126.56,Boise,USA,76
26,24.9,70,0.25,SAVEA,1,3,126.56,Boise,USA,15
31,10,32,0,SAVEA,1,3,126.56,Boise,USA,0
13,4.8,10,0,HUNGC,1,3,30.34,Elgin,USA,24
62,39.4,10,0,HUNGC,1,3,30.34,Elgin,USA,17
35,14.4,30,0,SAVEA,2,3,89.16,Boise,USA,20
55,19.2,120,0.1,SAVEA,2,3,89.16,Boise,USA,115
30,20.7,18,0,RATTC,1,1,12.51,Albuquerque,USA,10
56,30.4,70,0,RATTC,1,1,12.51,Albuquerque,USA,21
65,16.8,20,0,RATTC,1,1,12.51,Albuquerque,USA,76
71,17.2,60,0,RATTC,1,1,12.51,Albuquerque,USA,26
17,31.2,2,0,HUNGC,3,1,0.2,Elgin,USA,0
33,2,20,0,HUNGC,3,1,0.2,Elgin,USA,112
26,24.9,10,0,SPLIR,3,2,4.34,Lander,USA,15
54,5.9,40,0,SPLIR,3,2,4.34,Lander,USA,21
2,15.2,45,0.15,SAVEA,4,2,86.53,Boise,USA,17
16,13.9,49,0.15,SAVEA,4,2,86.53,Boise,USA,29
29,99,24,0.15,SAVEA,4,2,86.53,Boise,USA,0
61,22.8,90,0.15,SAVEA,4,2,86.53,Boise,USA,113
27,35.1,50,0,OLDWO,3,2,73.02,Anchorage,USA,49
28,36.4,15,0,SAVEA,8,1,140.26,Boise,USA,26
44,15.5,100,0.05,SAVEA,8,1,140.26,Boise,USA,27
2,15.2,40,0.15,WHITC,1,1,60.18,Seattle,USA,17
16,13.9,35,0.15,WHITC,1,1,60.18,Seattle,USA,29
44,15.5,2,0.15,WHITC,1,1,60.18,Seattle,USA,27
38,210.8,30,0,RATTC,3,3,708.95,Albuquerque,USA,17
53,26.2,28,0,RATTC,3,3,708.95,Albuquerque,USA,0
59,44,60,0,RATTC,3,3,708.95,Albuquerque,USA,79
64,26.6,30,0,RATTC,3,3,708.95,Albuquerque,USA,22
40,14.7,10,0,LAZYK,1,3,7.48,Walla Walla,USA,123
34,11.2,35,0.05,WHITC,7,2,15.28,Seattle,USA,111
77,10.4,30,0.05,WHITC,7,2,15.28,Seattle,USA,32
2,19,12,0,WHITC,4,3,59.13,Seattle,USA,17
21,10,12,0,WHITC,4,3,59.13,Seattle,USA,3
53,32.8,10,0,WHITC,4,3,59.13,Seattle,USA,0
61,28.5,25,0,WHITC,4,3,59.13,Seattle,USA,113
29,123.79,36,0,SAVEA,6,3,367.63,Boise,USA,0
75,7.75,36,0.1,SAVEA,6,3,367.63,Boise,USA,125
11,21,3,0,GREAL,6,2,3.35,Eugene,USA,22
33,2.5,8,0.2,GREAL,6,2,3.35,Eugene,USA,112
72,34.8,9,0,GREAL,6,2,3.35,Eugene,USA,14
28,45.6,7,0,LONEP,4,1,24.91,Portland,USA,26
67,14,7,0,LONEP,4,1,24.91,Portland,USA,52
11,21,10,0,LAZYK,8,2,11.92,Walla Walla,USA,22
14,23.25,30,0.2,SAVEA,6,3,252.49,Boise,USA,35
19,9.2,35,0.2,SAVEA,6,3,252.49,Boise,USA,25
24,4.5,18,0.2,SAVEA,6,3,252.49,Boise,USA,20
51,53,20,0.2,SAVEA,6,3,252.49,Boise,USA,20
56,38,40,0.2,SAVEA,6,3,252.49,Boise,USA,21
17,39,16,0.05,RATTC,4,3,13.75,Albuquerque,USA,0
31,12.5,6,0.05,RATTC,4,3,13.75,Albuquerque,USA,0
55,24,25,0.05,RATTC,4,3,13.75,Albuquerque,USA,115
31,12.5,35,0.2,RATTC,5,1,58.98,Albuquerque,USA,0
76,18,30,0,RATTC,5,1,58.98,Albuquerque,USA,57
33,2.5,14,0,TRAIH,4,2,37.6,Kirkland,USA,112
40,18.4,2,0,TRAIH,4,2,37.6,Kirkland,USA,123
62,49.3,10,0,TRAIH,4,2,37.6,Kirkland,USA,17
64,33.25,6,0,TRAIH,4,2,37.6,Kirkland,USA,22
39,18,10,0,TRAIH,9,2,25.41,Kirkland,USA,69
75,7.75,20,0,TRAIH,9,2,25.41,Kirkland,USA,125
77,13,18,0,TRAIH,9,2,25.41,Kirkland,USA,32
15,15.5,10,0,LETSS,1,2,13.73,San Francisco,USA,39
75,7.75,21,0,LETSS,1,2,13.73,San Francisco,USA,125
35,18,4,0,GREAL,8,2,4.42,Eugene,USA,20
52,7,24,0,OLDWO,3,2,5.24,Anchorage,USA,38
58,13.25,30,0,OLDWO,3,2,5.24,Anchorage,USA,62
56,38,5,0.2,WHITC,8,1,16.34,Seattle,USA,21
63,43.9,24,0.2,WHITC,8,1,16.34,Seattle,USA,24
75,7.75,30,0.2,WHITC,8,1,16.34,Seattle,USA,125
27,43.9,50,0,RATTC,1,3,44.42,Albuquerque,USA,49
71,21.5,9,0,RATTC,1,3,44.42,Albuquerque,USA,26
54,7.45,4,0,HUNGC,4,1,45.13,Elgin,USA,21
73,15,30,0,HUNGC,4,1,45.13,Elgin,USA,101
22,21,48,0,SAVEA,8,2,48.77,Boise,USA,104
49,20,25,0.05,SAVEA,8,2,48.77,Boise,USA,10
7,30,45,0,SAVEA,5,1,200.24,Boise,USA,15
17,39,100,0,SAVEA,5,1,200.24,Boise,USA,0
33,2.5,14,0,SAVEA,5,1,200.24,Boise,USA,112
40,18.4,42,0,SAVEA,5,1,200.24,Boise,USA,123
72,34.8,12,0,SAVEA,5,1,200.24,Boise,USA,14
10,31,70,0,SAVEA,1,2,544.08,Boise,USA,31
36,19,55,0,SAVEA,1,2,544.08,Boise,USA,112
49,20,18,0,SAVEA,1,2,544.08,Boise,USA,10
60,34,40,0,SAVEA,1,2,544.08,Boise,USA,19
76,18,80,0,SAVEA,1,2,544.08,Boise,USA,57
38,263.5,15,0.05,GREAL,1,2,116.53,Eugene,USA,17
56,38,14,0,GREAL,1,2,116.53,Eugene,USA,21
70,15,15,0.05,GREAL,1,2,116.53,Eugene,USA,15
71,21.5,15,0.05,GREAL,1,2,116.53,Eugene,USA,26
59,55,30,0.15,GREAL,4,2,18.53,Eugene,USA,79
28,45.6,10,0,THECR,4,2,94.8,Butte,USA,26
29,123.79,6,0,THECR,4,2,94.8,Butte,USA,0
44,19.45,10,0,THECR,4,2,94.8,Butte,USA,27
62,49.3,15,0,SAVEA,8,3,107.46,Boise,USA,17
73,15,35,0.15,SAVEA,8,3,107.46,Boise,USA,101
14,23.25,3,0.1,GREAL,6,1,57.15,Eugene,USA,35
44,19.45,28,0.1,GREAL,6,1,57.15,Eugene,USA,27
47,9.5,6,0.1,GREAL,6,1,57.15,Eugene,USA,36
15,15.5,50,0,SAVEA,2,2,352.69,Boise,USA,39
41,9.65,24,0,SAVEA,2,2,352.69,Boise,USA,85
46,12,45,0,SAVEA,2,2,352.69,Boise,USA,95
47,9.5,10,0,SAVEA,2,2,352.69,Boise,USA,36
56,38,45,0,SAVEA,2,2,352.69,Boise,USA,21
60,34,30,0,SAVEA,2,2,352.69,Boise,USA,19
20,81,21,0,HUNGC,8,1,111.29,Elgin,USA,40
68,12.5,10,0,LONEP,3,2,1.28,Portland,USA,6
51,53,20,0,LONEP,1,2,26.31,Portland,USA,20
59,55,1,0,LONEP,1,2,26.31,Portland,USA,79
76,18,10,0,LONEP,1,2,26.31,Portland,USA,57
12,38,100,0,SAVEA,7,3,388.98,Boise,USA,86
33,2.5,30,0,SAVEA,7,3,388.98,Boise,USA,112
41,9.65,120,0,SAVEA,7,3,388.98,Boise,USA,85
54,7.45,30,0,SAVEA,7,3,388.98,Boise,USA,21
16,17.45,50,0.25,OLDWO,1,1,26.61,Anchorage,USA,29
31,12.5,20,0.25,OLDWO,1,1,26.61,Anchorage,USA,0
42,14,40,0.25,OLDWO,1,1,26.61,Anchorage,USA,26
19,9.2,30,0.1,GREAL,3,3,76.13,Eugene,USA,25
21,10,12,0.1,GREAL,3,3,76.13,Eugene,USA,3
64,33.25,28,0,GREAL,3,3,76.13,Eugene,USA,22
9,97,6,0,WHITC,3,3,139.34,Seattle,USA,29
54,7.45,60,0.15,WHITC,3,3,139.34,Seattle,USA,21
69,36,30,0.15,WHITC,3,3,139.34,Seattle,USA,26
73,15,15,0.15,WHITC,3,3,139.34,Seattle,USA,101
17,39,20,0,WHITC,8,3,102.55,Seattle,USA,0
46,12,18,0,WHITC,8,3,102.55,Seattle,USA,95
1,18,5,0.2,SAVEA,3,1,65.1,Boise,USA,39
34,14,12,0.2,SAVEA,3,1,65.1,Boise,USA,111
68,12.5,40,0.2,SAVEA,3,1,65.1,Boise,USA,6
71,21.5,60,0.2,SAVEA,3,1,65.1,Boise,USA,26
16,17.45,20,0,OLDWO,8,3,135.63,Anchorage,USA,29
43,46,24,0,OLDWO,8,3,135.63,Anchorage,USA,17
59,55,8,0,OLDWO,8,3,135.63,Anchorage,USA,79
5,21.35,4,0,THEBI,6,2,2.96,Portland,USA,0
36,19,5,0,THEBI,6,2,2.96,Portland,USA,112
19,9.2,12,0,SAVEA,5,2,52.41,Boise,USA,25
41,9.65,42,0,SAVEA,5,2,52.41,Boise,USA,85
53,32.8,120,0,SAVEA,5,2,52.41,Boise,USA,0
10,31,18,0,SAVEA,1,1,167.05,Boise,USA,31
26,31.23,30,0,SAVEA,1,1,167.05,Boise,USA,15
45,9.5,110,0,SAVEA,1,1,167.05,Boise,USA,5
46,12,24,0,SAVEA,1,1,167.05,Boise,USA,95
2,19,30,0.25,SAVEA,5,3,24.49,Boise,USA,17
17,39,27,0.25,SAVEA,5,3,24.49,Boise,USA,0
47,9.5,50,0.25,SAVEA,5,3,24.49,Boise,USA,36
56,38,18,0.25,SAVEA,5,3,24.49,Boise,USA,21
58,13.25,12,0.25,SAVEA,5,3,24.49,Boise,USA,62
18,62.5,12,0.25,LETSS,8,2,51.44,San Francisco,USA,42
30,25.89,3,0.25,LETSS,8,2,51.44,San Francisco,USA,10
54,7.45,40,0.25,LETSS,8,2,51.44,San Francisco,USA,21
2,19,3,0,SAVEA,8,1,74.58,Boise,USA,17
31,12.5,50,0,SAVEA,8,1,74.58,Boise,USA,0
68,12.5,45,0,SAVEA,8,1,74.58,Boise,USA,6
75,7.75,42,0,SAVEA,8,1,74.58,Boise,USA,125
26,31.23,15,0,WHITC,3,1,21.72,Seattle,USA,15
61,28.5,20,0.1,LETSS,6,2,45.97,San Francisco,USA,113
77,13,2,0.1,LETSS,6,2,45.97,San Francisco,USA,32
28,45.6,5,0.2,WHITC,4,2,81.88,Seattle,USA,26
35,18,35,0.2,WHITC,4,2,81.88,Seattle,USA,20
45,9.5,40,0.2,WHITC,4,2,81.88,Seattle,USA,5
56,38,14,0.2,WHITC,4,2,81.88,Seattle,USA,21
23,9,44,0,SAVEA,3,1,232.55,Boise,USA,61
40,18.4,40,0,SAVEA,3,1,232.55,Boise,USA,123
56,38,28,0,SAVEA,3,1,232.55,Boise,USA,21
18,62.5,21,0.2,SPLIR,8,2,73.21,Lander,USA,42
36,19,20,0.2,SPLIR,8,2,73.21,Lander,USA,112
68,12.5,6,0.2,SPLIR,8,2,73.21,Lander,USA,6
69,36,20,0.2,SPLIR,8,2,73.21,Lander,USA,26
34,14,30,0,SAVEA,6,1,8.19,Boise,USA,111
59,55,7,0,SAVEA,6,1,8.19,Boise,USA,79
62,49.3,30,0,SAVEA,6,1,8.19,Boise,USA,17
64,33.25,24,0,SAVEA,6,1,8.19,Boise,USA,22
25,14,35,0.25,RATTC,5,2,18.66,Albuquerque,USA,76
75,7.75,18,0,RATTC,5,2,18.66,Albuquerque,USA,125
10,31,6,0,THECR,7,1,20.25,Butte,USA,31
67,14,3,0,THECR,7,1,20.25,Butte,USA,52
34,14,10,0,THEBI,2,3,237.34,Portland,USA,111
38,263.5,10,0,THEBI,2,3,237.34,Portland,USA,17
56,38,20,0.15,OLDWO,2,3,45.53,Anchorage,USA,21
76,18,50,0.15,OLDWO,2,3,45.53,Anchorage,USA,57
33,2.5,16,0,SAVEA,2,3,14.62,Boise,USA,112
38,263.5,30,0.05,GREAL,4,2,719.78,Eugene,USA,17
62,49.3,20,0.05,GREAL,4,2,719.78,Eugene,USA,17
56,38,30,0,RATTC,3,2,37.52,Albuquerque,USA,21
35,18,20,0,SPLIR,1,1,36.68,Lander,USA,20
51,53,6,0,SPLIR,1,1,36.68,Lander,USA,20
62,49.3,3,0,TRAIH,6,3,7,Kirkland,USA,17
70,15,6,0,TRAIH,6,3,7,Kirkland,USA,15
1,18,80,0.2,SAVEA,4,3,487.57,Boise,USA,39
19,9.2,12,0.2,SAVEA,4,3,487.57,Boise,USA,25
37,26,60,0.2,SAVEA,4,3,487.57,Boise,USA,11
45,9.5,36,0.2,SAVEA,4,3,487.57,Boise,USA,5
60,34,45,0.2,SAVEA,4,3,487.57,Boise,USA,19
71,21.5,55,0.2,SAVEA,4,3,487.57,Boise,USA,26
2,19,15,0,RATTC,8,1,174.05,Albuquerque,USA,17
17,39,6,0,RATTC,8,1,174.05,Albuquerque,USA,0
62,49.3,50,0,RATTC,8,1,174.05,Albuquerque,USA,17
16,17.45,50,0,OLDWO,3,1,170.97,Anchorage,USA,29
31,12.5,14,0,OLDWO,3,1,170.97,Anchorage,USA,0
56,38,24,0,OLDWO,3,1,170.97,Anchorage,USA,21
65,21.05,15,0.15,OLDWO,3,1,170.97,Anchorage,USA,76
17,39,42,0,WHITC,4,2,14.93,Seattle,USA,0
18,62.5,20,0,WHITC,4,2,14.93,Seattle,USA,42
21,10,40,0,WHITC,4,2,14.93,Seattle,USA,3
33,2.5,35,0,WHITC,4,2,14.93,Seattle,USA,112
62,49.3,3,0,WHITC,4,2,14.93,Seattle,USA,17
53,32.8,3,0,LONEP,6,1,1.93,Portland,USA,0
42,14,25,0,SAVEA,4,3,23.1,Boise,USA,26
49,20,20,0.15,SAVEA,4,3,23.1,Boise,USA,10
54,7.45,32,0.15,SAVEA,4,3,23.1,Boise,USA,21
24,4.5,8,0,LONEP,8,3,0.53,Portland,USA,20
21,10,40,0.05,LETSS,4,2,90.97,San Francisco,USA,3
56,38,21,0.05,LETSS,4,2,90.97,San Francisco,USA,21
65,21.05,12,0.05,LETSS,4,2,90.97,San Francisco,USA,76
11,21,40,0,RATTC,9,3,280.61,Albuquerque,USA,22
38,263.5,40,0,RATTC,9,3,280.61,Albuquerque,USA,17
13,6,28,0.05,SAVEA,1,1,116.13,Boise,USA,24
69,36,50,0.05,SAVEA,1,1,116.13,Boise,USA,26
75,7.75,120,0.05,SAVEA,1,1,116.13,Boise,USA,125
58,13.25,15,0,WHITC,3,3,162.95,Seattle,USA,62
62,49.3,35,0,WHITC,3,3,162.95,Seattle,USA,17
36,19,30,0.2,GREAL,3,2,33.68,Eugene,USA,112
31,12.5,44,0.25,SAVEA,7,2,400.81,Boise,USA,0
62,49.3,30,0.25,SAVEA,7,2,400.81,Boise,USA,17
68,12.5,80,0.25,SAVEA,7,2,400.81,Boise,USA,6
72,34.8,50,0,SAVEA,7,2,400.81,Boise,USA,14
51,53,16,0,OLDWO,6,3,144.38,Anchorage,USA,20
63,43.9,10,0,SPLIR,3,3,12.96,Lander,USA,24
13,6,84,0.15,SAVEA,2,2,657.54,Boise,USA,24
57,19.5,15,0,SAVEA,2,2,657.54,Boise,USA,36
16,17.45,55,0,SAVEA,1,3,211.22,Boise,USA,29
24,4.5,20,0,SAVEA,1,3,211.22,Boise,USA,20
36,19,40,0,SAVEA,1,3,211.22,Boise,USA,112
7,30,60,0,RATTC,3,2,61.14,Albuquerque,USA,15
62,49.3,40,0.1,RATTC,3,2,61.14,Albuquerque,USA,17
72,34.8,2,0,THEBI,1,3,4.27,Portland,USA,14
4,22,25,0.25,RATTC,2,3,55.12,Albuquerque,USA,53
24,4.5,30,0.25,RATTC,2,3,55.12,Albuquerque,USA,20
77,13,30,0,RATTC,2,3,55.12,Albuquerque,USA,32
13,6,56,0,SAVEA,4,1,141.16,Boise,USA,24
35,18,15,0.15,SAVEA,4,1,141.16,Boise,USA,20
42,14,24,0.15,SAVEA,4,1,141.16,Boise,USA,26
55,24,40,0,SAVEA,4,1,141.16,Boise,USA,115
1,18,4,0,THECR,3,3,14.91,Butte,USA,39
40,18.4,10,0,THECR,3,3,14.91,Butte,USA,123
52,7,10,0,THECR,3,3,14.91,Butte,USA,38
1,18,8,0,GREAL,3,2,25.19,Eugene,USA,39
29,123.79,2,0.25,GREAL,3,2,25.19,Eugene,USA,0
12,38,20,0,LONEP,4,2,11.65,Portland,USA,86
18,62.5,10,0,LONEP,4,2,11.65,Portland,USA,42
56,38,5,0,LONEP,4,2,11.65,Portland,USA,21
2,19,100,0.25,SAVEA,7,2,830.75,Boise,USA,17
5,21.35,70,0,SAVEA,7,2,830.75,Boise,USA,0
29,123.79,60,0.25,SAVEA,7,2,830.75,Boise,USA,0
59,55,100,0.25,SAVEA,7,2,830.75,Boise,USA,79
1,18,45,0,SAVEA,6,2,227.22,Boise,USA,39
13,6,80,0,SAVEA,6,2,227.22,Boise,USA,24
24,4.5,21,0,SAVEA,6,2,227.22,Boise,USA,20
64,33.25,20,0,SAVEA,6,2,227.22,Boise,USA,22
71,21.5,16,0,SAVEA,6,2,227.22,Boise,USA,26
36,19,35,0,WHITC,2,3,606.19,Seattle,USA,112
38,263.5,25,0,WHITC,2,3,606.19,Seattle,USA,17
59,55,30,0,WHITC,2,3,606.19,Seattle,USA,79
21,10,15,0.1,OLDWO,8,1,40.32,Anchorage,USA,3
44,19.45,12,0,OLDWO,8,1,40.32,Anchorage,USA,27
61,28.5,6,0,OLDWO,8,1,40.32,Anchorage,USA,113
21,10,20,0,GREAL,4,3,18.84,Eugene,USA,3
60,34,15,0,GREAL,4,3,14.01,Eugene,USA,19
17,39,77,0.1,SAVEA,1,1,30.09,Boise,USA,0
41,9.65,12,0,SAVEA,1,1,30.09,Boise,USA,85
53,32.8,25,0.1,SAVEA,1,1,30.09,Boise,USA,0
55,24,4,0.1,SAVEA,1,1,30.09,Boise,USA,115
68,12.5,55,0,SAVEA,1,1,30.09,Boise,USA,6
16,17.45,3,0,WHITC,7,2,44.72,Seattle,USA,29
19,9.2,42,0,WHITC,7,2,44.72,Seattle,USA,25
34,14,35,0,WHITC,7,2,44.72,Seattle,USA,111
2,19,24,0.2,RATTC,1,2,8.53,Albuquerque,USA,17
3,10,4,0,RATTC,1,2,8.53,Albuquerque,USA,13
4,22,1,0,RATTC,1,2,8.53,Albuquerque,USA,53
6,25,1,0.02,RATTC,1,2,8.53,Albuquerque,USA,120
7,30,1,0.05,RATTC,1,2,8.53,Albuquerque,USA,15
8,40,2,0.1,RATTC,1,2,8.53,Albuquerque,USA,6
10,31,1,0,RATTC,1,2,8.53,Albuquerque,USA,31
12,38,2,0.05,RATTC,1,2,8.53,Albuquerque,USA,86
13,6,4,0,RATTC,1,2,8.53,Albuquerque,USA,24
14,23.25,1,0.03,RATTC,1,2,8.53,Albuquerque,USA,35
16,17.45,2,0.03,RATTC,1,2,8.53,Albuquerque,USA,29
20,81,1,0.04,RATTC,1,2,8.53,Albuquerque,USA,40
23,9,2,0,RATTC,1,2,8.53,Albuquerque,USA,61
32,32,1,0,RATTC,1,2,8.53,Albuquerque,USA,9
39,18,2,0.05,RATTC,1,2,8.53,Albuquerque,USA,69
41,9.65,3,0,RATTC,1,2,8.53,Albuquerque,USA,85
46,12,3,0.02,RATTC,1,2,8.53,Albuquerque,USA,95
52,7,2,0,RATTC,1,2,8.53,Albuquerque,USA,38
55,24,2,0,RATTC,1,2,8.53,Albuquerque,USA,115
60,34,2,0.06,RATTC,1,2,8.53,Albuquerque,USA,19
64,33.25,2,0.03,RATTC,1,2,8.53,Albuquerque,USA,22
66,17,1,0,RATTC,1,2,8.53,Albuquerque,USA,4
73,15,2,0.01,RATTC,1,2,8.53,Albuquerque,USA,101
75,7.75,4,0,RATTC,1,2,8.53,Albuquerque,USA,125
77,13,2,0,RATTC,1,2,8.53,Albuquerque,USA,32
27,35.1,25,0,HILAA,4,3,81.91,San Cristóbal,Venezuela,49
39,14.4,6,0,HILAA,4,3,81.91,San Cristóbal,Venezuela,69
77,10.4,15,0,HILAA,4,3,81.91,San Cristóbal,Venezuela,32
29,99,10,0,GROSR,8,3,66.29,Caracas,Venezuela,0
72,27.8,4,0,GROSR,8,3,66.29,Caracas,Venezuela,14
15,12.4,20,0,LILAS,3,3,84.81,Barquisimeto,Venezuela,39
19,7.3,18,0,LILAS,3,3,84.81,Barquisimeto,Venezuela,25
60,27.2,35,0,LILAS,3,3,84.81,Barquisimeto,Venezuela,19
72,27.8,3,0,LILAS,3,3,84.81,Barquisimeto,Venezuela,14
11,16.8,12,0,LILAS,6,1,0.12,Barquisimeto,Venezuela,22
16,13.9,30,0,LILAS,6,1,0.12,Barquisimeto,Venezuela,29
69,28.8,15,0,LILAS,6,1,0.12,Barquisimeto,Venezuela,26
26,24.9,50,0.15,LILAS,3,1,12.75,Barquisimeto,Venezuela,15
72,27.8,25,0.15,LILAS,3,1,12.75,Barquisimeto,Venezuela,14
10,24.8,30,0.2,LILAS,1,3,34.88,Barquisimeto,Venezuela,31
26,24.9,16,0,LILAS,1,3,34.88,Barquisimeto,Venezuela,15
60,27.2,8,0.2,LILAS,1,3,34.88,Barquisimeto,Venezuela,19
74,8,14,0,LILAS,3,3,7.99,Barquisimeto,Venezuela,4
46,9.6,28,0.1,HILAA,6,1,184.41,San Cristóbal,Venezuela,95
53,26.2,70,0.1,HILAA,6,1,184.41,San Cristóbal,Venezuela,0
69,28.8,8,0,HILAA,6,1,184.41,San Cristóbal,Venezuela,26
3,8,50,0,LINOD,1,1,34.82,I. de Margarita,Venezuela,13
21,8,40,0.25,LILAS,1,3,148.61,Barquisimeto,Venezuela,3
30,20.7,28,0.25,LILAS,1,3,148.61,Barquisimeto,Venezuela,10
55,19.2,60,0.25,LILAS,1,3,148.61,Barquisimeto,Venezuela,115
55,19.2,2,0.05,HILAA,8,3,4.41,San Cristóbal,Venezuela,115
70,12,12,0,HILAA,8,3,4.41,San Cristóbal,Venezuela,15
2,15.2,20,0.1,LINOD,4,2,64.45,I. de Margarita,Venezuela,17
3,8,20,0.1,LINOD,4,2,64.45,I. de Margarita,Venezuela,13
55,19.2,30,0.1,LINOD,4,2,64.45,I. de Margarita,Venezuela,115
70,12,60,0.1,LINOD,4,2,64.45,I. de Margarita,Venezuela,15
11,16.8,5,0,HILAA,1,2,30.53,San Cristóbal,Venezuela,22
51,42.4,25,0,HILAA,1,2,30.53,San Cristóbal,Venezuela,20
74,8,16,0,HILAA,1,2,30.53,San Cristóbal,Venezuela,4
59,44,60,0,HILAA,7,2,210.19,San Cristóbal,Venezuela,79
68,10,30,0,HILAA,7,2,210.19,San Cristóbal,Venezuela,6
75,6.2,36,0,HILAA,7,2,210.19,San Cristóbal,Venezuela,125
24,4.5,14,0,HILAA,8,2,29.75,San Cristóbal,Venezuela,20
40,18.4,5,0,HILAA,8,2,29.75,San Cristóbal,Venezuela,123
42,14,30,0,HILAA,8,2,29.75,San Cristóbal,Venezuela,26
28,45.6,20,0,LILAS,4,2,102.02,Barquisimeto,Venezuela,26
49,20,25,0,LILAS,4,2,102.02,Barquisimeto,Venezuela,10
12,38,30,0.15,LILAS,8,2,48.17,Barquisimeto,Venezuela,86
23,9,70,0.15,LILAS,8,2,48.17,Barquisimeto,Venezuela,61
69,36,18,0,HILAA,2,1,83.22,San Cristóbal,Venezuela,26
75,7.75,30,0,HILAA,2,1,83.22,San Cristóbal,Venezuela,125
13,6,60,0,HILAA,7,1,58.3,San Cristóbal,Venezuela,24
59,55,35,0,HILAA,7,1,58.3,San Cristóbal,Venezuela,79
13,6,8,0.1,HILAA,4,2,8.11,San Cristóbal,Venezuela,24
75,7.75,40,0,HILAA,4,2,8.11,San Cristóbal,Venezuela,125
45,9.5,20,0,LINOD,3,1,158.44,I. de Margarita,Venezuela,5
65,21.05,21,0,LINOD,3,1,158.44,I. de Margarita,Venezuela,76
72,34.8,60,0,LINOD,3,1,158.44,I. de Margarita,Venezuela,14
2,19,50,0,HILAA,4,2,179.61,San Cristóbal,Venezuela,17
40,18.4,60,0,HILAA,4,2,179.61,San Cristóbal,Venezuela,123
19,9.2,7,0.25,LINOD,3,1,45.52,I. de Margarita,Venezuela,25
35,18,9,0.25,LINOD,3,1,45.52,I. de Margarita,Venezuela,20
58,13.25,30,0.25,LINOD,3,1,45.52,I. de Margarita,Venezuela,62
70,15,30,0.25,LINOD,3,1,45.52,I. de Margarita,Venezuela,15
31,12.5,20,0,HILAA,9,2,3.52,San Cristóbal,Venezuela,0
32,32,4,0,HILAA,9,2,3.52,San Cristóbal,Venezuela,9
1,18,50,0,LINOD,8,3,141.06,I. de Margarita,Venezuela,39
21,10,30,0,LINOD,8,3,141.06,I. de Margarita,Venezuela,3
50,16.25,40,0,LINOD,8,3,141.06,I. de Margarita,Venezuela,65
70,15,35,0,LILAS,2,1,42.13,Barquisimeto,Venezuela,15
77,13,15,0,LILAS,2,1,42.13,Barquisimeto,Venezuela,32
10,31,10,0,GROSR,1,3,1.51,Caracas,Venezuela,31
75,7.75,10,0,GROSR,1,3,1.51,Caracas,Venezuela,125
26,31.23,21,0.2,HILAA,3,1,26.52,San Cristóbal,Venezuela,15
44,19.45,10,0,HILAA,3,1,26.52,San Cristóbal,Venezuela,27
64,33.25,35,0.2,HILAA,3,1,26.52,San Cristóbal,Venezuela,22
69,36,24,0.2,HILAA,3,1,26.52,San Cristóbal,Venezuela,26
19,9.2,15,0,LINOD,8,1,31.22,I. de Margarita,Venezuela,25
23,9,18,0,LINOD,8,1,31.22,I. de Margarita,Venezuela,61
40,18.4,30,0,LINOD,8,1,31.22,I. de Margarita,Venezuela,123
11,21,20,0.1,LILAS,5,2,163.97,Barquisimeto,Venezuela,22
57,19.5,15,0,LILAS,5,2,163.97,Barquisimeto,Venezuela,36
59,55,40,0.1,LILAS,5,2,163.97,Barquisimeto,Venezuela,79
77,13,15,0.1,LILAS,5,2,163.97,Barquisimeto,Venezuela,32
1,18,4,0.25,LINOD,3,3,59.28,I. de Margarita,Venezuela,39
18,62.5,25,0.25,LINOD,3,3,59.28,I. de Margarita,Venezuela,42
36,19,50,0.25,LINOD,3,3,59.28,I. de Margarita,Venezuela,112
25,14,6,0.2,LINOD,4,2,2.71,I. de Margarita,Venezuela,76
39,18,10,0.2,LINOD,4,2,2.71,I. de Margarita,Venezuela,69
1,18,20,0.15,HILAA,4,2,30.26,San Cristóbal,Venezuela,39
58,13.25,12,0.15,HILAA,4,2,30.26,San Cristóbal,Venezuela,62
39,18,8,0.15,LILAS,5,3,1.21,Barquisimeto,Venezuela,69
41,9.65,30,0,HILAA,4,1,62.09,San Cristóbal,Venezuela,85
71,21.5,30,0,HILAA,4,1,62.09,San Cristóbal,Venezuela,26
16,17.45,24,0,LINOD,2,2,19.8,I. de Margarita,Venezuela,29
25,14,24,0,LINOD,2,2,19.8,I. de Margarita,Venezuela,76
40,18.4,20,0,LINOD,2,2,19.8,I. de Margarita,Venezuela,123
16,17.45,28,0.15,LINOD,5,1,27.91,I. de Margarita,Venezuela,29
31,12.5,25,0.15,LINOD,5,1,27.91,I. de Margarita,Venezuela,0
45,9.5,30,0,LINOD,5,1,27.91,I. de Margarita,Venezuela,5
60,34,24,0.15,LINOD,5,1,27.91,I. de Margarita,Venezuela,19
30,25.89,30,0,HILAA,8,3,105.36,San Cristóbal,Venezuela,10
35,18,40,0,HILAA,8,3,105.36,San Cristóbal,Venezuela,20
64,33.25,8,0,HILAA,8,3,105.36,San Cristóbal,Venezuela,22
24,4.5,10,0.25,HILAA,3,1,2.08,San Cristóbal,Venezuela,20
41,9.65,24,0,HILAA,3,1,2.08,San Cristóbal,Venezuela,85
28,45.6,20,0,HILAA,1,1,37.97,San Cristóbal,Venezuela,26
32,32,50,0,LILAS,8,2,73.91,Barquisimeto,Venezuela,9
46,12,20,0.25,LILAS,8,2,73.91,Barquisimeto,Venezuela,95
52,7,20,0.25,LILAS,8,2,73.91,Barquisimeto,Venezuela,38
41,9.65,28,0.1,LINOD,2,3,23.6,I. de Margarita,Venezuela,85
28,45.6,20,0,LINOD,1,2,65,I. de Margarita,Venezuela,26
35,18,24,0,LINOD,1,2,65,I. de Margarita,Venezuela,20
49,20,60,0,LINOD,1,2,65,I. de Margarita,Venezuela,10
57,19.5,28,0,LINOD,1,2,65,I. de Margarita,Venezuela,36
24,4.5,15,0,HILAA,7,2,120.92,San Cristóbal,Venezuela,20
25,14,15,0,HILAA,7,2,120.92,San Cristóbal,Venezuela,76
51,53,20,0,HILAA,7,2,120.92,San Cristóbal,Venezuela,20
57,19.5,20,0,HILAA,7,2,120.92,San Cristóbal,Venezuela,36
30,25.89,4,0.25,LILAS,8,1,12.91,Barquisimeto,Venezuela,10
54,7.45,20,0.25,LILAS,8,1,12.91,Barquisimeto,Venezuela,21
7,30,15,0.05,LILAS,1,1,0.93,Barquisimeto,Venezuela,15
13,6,10,0.05,LILAS,1,1,0.93,Barquisimeto,Venezuela,24
